-- MySQL dump 10.13  Distrib 9.0.1, for macos14.7 (arm64)
--
-- Host: localhost    Database: dating_app
-- ------------------------------------------------------
-- Server version	9.0.1

/*!40101 SET @OLD_CHARACTER_SET_CLIENT=@@CHARACTER_SET_CLIENT */;
/*!40101 SET @OLD_CHARACTER_SET_RESULTS=@@CHARACTER_SET_RESULTS */;
/*!40101 SET @OLD_COLLATION_CONNECTION=@@COLLATION_CONNECTION */;
/*!50503 SET NAMES utf8mb4 */;
/*!40103 SET @OLD_TIME_ZONE=@@TIME_ZONE */;
/*!40103 SET TIME_ZONE='+00:00' */;
/*!40014 SET @OLD_UNIQUE_CHECKS=@@UNIQUE_CHECKS, UNIQUE_CHECKS=0 */;
/*!40014 SET @OLD_FOREIGN_KEY_CHECKS=@@FOREIGN_KEY_CHECKS, FOREIGN_KEY_CHECKS=0 */;
/*!40101 SET @OLD_SQL_MODE=@@SQL_MODE, SQL_MODE='NO_AUTO_VALUE_ON_ZERO' */;
/*!40111 SET @OLD_SQL_NOTES=@@SQL_NOTES, SQL_NOTES=0 */;

--
-- Table structure for table `messages_backup`
--

DROP TABLE IF EXISTS `messages_backup`;
/*!40101 SET @saved_cs_client     = @@character_set_client */;
/*!50503 SET character_set_client = utf8mb4 */;
CREATE TABLE `messages_backup` (
  `id` varchar(36) NOT NULL,
  `sender_id` varchar(36) NOT NULL,
  `receiver_id` varchar(36) NOT NULL,
  `content` text NOT NULL,
  `is_read` tinyint(1) NOT NULL DEFAULT '0',
  `created_at` datetime NOT NULL DEFAULT CURRENT_TIMESTAMP,
  `message_type` enum('text','image') NOT NULL DEFAULT 'text'
) ENGINE=InnoDB DEFAULT CHARSET=utf8mb4 COLLATE=utf8mb4_0900_ai_ci;
/*!40101 SET character_set_client = @saved_cs_client */;

--
-- Dumping data for table `messages_backup`
--

LOCK TABLES `messages_backup` WRITE;
/*!40000 ALTER TABLE `messages_backup` DISABLE KEYS */;
INSERT INTO `messages_backup` VALUES ('01c7b9e4-57f2-4d99-a401-98e37fd6d570','d1d041f0-1869-4002-8049-7ba4f2993106','aa8b72aa-b179-4a25-a830-d8cce69db000','Ffff',1,'2025-01-17 12:21:44','text'),('025eef2d-9da7-482b-9750-38df4283bb57','d1d041f0-1869-4002-8049-7ba4f2993106','aa8b72aa-b179-4a25-a830-d8cce69db000','Ggg',1,'2025-01-17 12:25:03','text'),('02f1d67f-33bb-45d6-b472-f3b8348fd871','f44a1a12-1255-4687-b1b2-9c5ac9c94d46','529c7d21-894f-4c10-8b5c-6ff7f216b52a','Hey',0,'2025-01-17 19:23:14','text'),('02f7cfe7-d8cb-45a1-ac8a-521a012df199','d1d041f0-1869-4002-8049-7ba4f2993106','aa8b72aa-b179-4a25-a830-d8cce69db000','Hey',1,'2025-01-17 16:17:12','text'),('03b16442-058c-46d3-b5a5-708e79c440df','d1d041f0-1869-4002-8049-7ba4f2993106','6fa6d768-9b69-4e53-83c4-4dff5db46bf9','kkk',1,'2025-01-17 16:54:17','text'),('0560f054-15fd-4b35-9138-d8b43e4c6f7f','d1d041f0-1869-4002-8049-7ba4f2993106','aa8b72aa-b179-4a25-a830-d8cce69db000','send',1,'2025-01-17 10:39:19','text'),('05cd6e4d-4c70-48af-8795-70fd9e30f0d2','aa8b72aa-b179-4a25-a830-d8cce69db000','6fa6d768-9b69-4e53-83c4-4dff5db46bf9','jjjkkk',1,'2025-01-17 16:34:16','text'),('0772ac37-3e48-42d5-8532-61d561da8fd8','d1d041f0-1869-4002-8049-7ba4f2993106','6fa6d768-9b69-4e53-83c4-4dff5db46bf9','kkk',1,'2025-01-17 16:54:16','text'),('0a8f1244-76f3-4676-a68d-39d672f6ba54','d1d041f0-1869-4002-8049-7ba4f2993106','6fa6d768-9b69-4e53-83c4-4dff5db46bf9','Ffff',1,'2025-01-17 16:35:32','text'),('0aff662e-f03e-4d3a-bf55-fd35080efc6d','d1d041f0-1869-4002-8049-7ba4f2993106','aa8b72aa-b179-4a25-a830-d8cce69db000','Hddd',1,'2025-01-17 16:28:02','text'),('0c1eff8f-6905-4392-baf5-153700a4cd1a','aa8b72aa-b179-4a25-a830-d8cce69db000','6fa6d768-9b69-4e53-83c4-4dff5db46bf9','hhhh',1,'2025-01-17 16:32:45','text'),('0c959117-4364-46c9-a160-70c5a6a1322c','aa8b72aa-b179-4a25-a830-d8cce69db000','d1d041f0-1869-4002-8049-7ba4f2993106','jjj',1,'2025-01-17 12:25:05','text'),('0cb30947-3306-494b-9ce7-117d5e86331e','aa8b72aa-b179-4a25-a830-d8cce69db000','6fa6d768-9b69-4e53-83c4-4dff5db46bf9','hhhh',1,'2025-01-17 16:32:45','text'),('0d4bb0c1-1682-4548-8398-960ae09c1fd9','d1d041f0-1869-4002-8049-7ba4f2993106','aa8b72aa-b179-4a25-a830-d8cce69db000','test',1,'2025-01-17 10:31:08','text'),('0ecc5757-bde0-477d-b268-434775bec002','d1d041f0-1869-4002-8049-7ba4f2993106','6fa6d768-9b69-4e53-83c4-4dff5db46bf9','G',1,'2025-01-17 16:37:46','text'),('0fd62a0a-e7d9-419b-b96f-00ae5e89f97f','d1d041f0-1869-4002-8049-7ba4f2993106','aa8b72aa-b179-4a25-a830-d8cce69db000','Ffff',0,'2025-01-17 16:31:33','text'),('0ffe8b42-88fd-4e4d-90c5-69dee2c5ad3a','d1d041f0-1869-4002-8049-7ba4f2993106','6fa6d768-9b69-4e53-83c4-4dff5db46bf9','kkk',1,'2025-01-17 16:54:17','text'),('108bd946-3b52-4ace-a55a-c54b8f815cb2','d1d041f0-1869-4002-8049-7ba4f2993106','aa8b72aa-b179-4a25-a830-d8cce69db000','Dff',0,'2025-01-17 16:31:57','text'),('10c8313d-b240-46da-9058-3979bcc454a3','d1d041f0-1869-4002-8049-7ba4f2993106','6fa6d768-9b69-4e53-83c4-4dff5db46bf9','G',1,'2025-01-17 16:37:48','text'),('10dfa8a6-fd88-44d2-8e04-e8bf63c2ee8e','6fa6d768-9b69-4e53-83c4-4dff5db46bf9','aa8b72aa-b179-4a25-a830-d8cce69db000','hello',1,'2025-01-17 16:19:38','text'),('119cf28e-14bf-46b2-8bc9-336bf7d118ab','d1d041f0-1869-4002-8049-7ba4f2993106','aa8b72aa-b179-4a25-a830-d8cce69db000','Fff',1,'2025-01-17 16:07:22','text'),('12c22ce4-7c8c-4c24-a586-2b3a0918abb8','6fa6d768-9b69-4e53-83c4-4dff5db46bf9','d1d041f0-1869-4002-8049-7ba4f2993106','Fff',1,'2025-01-17 16:51:32','text'),('156f7e30-1f56-49ba-83be-41e726698647','aa8b72aa-b179-4a25-a830-d8cce69db000','d1d041f0-1869-4002-8049-7ba4f2993106','fdsfds',1,'2025-01-17 12:24:44','text'),('15b30b3f-eb15-4348-8244-aec594244645','d1d041f0-1869-4002-8049-7ba4f2993106','aa8b72aa-b179-4a25-a830-d8cce69db000','send',1,'2025-01-17 10:38:57','text'),('181fe563-cc20-4631-a372-199eeebe25e9','d1d041f0-1869-4002-8049-7ba4f2993106','6fa6d768-9b69-4e53-83c4-4dff5db46bf9','G',1,'2025-01-17 16:37:47','text'),('1c542fe2-eeb2-4516-af60-bb8fd458e58a','d1d041f0-1869-4002-8049-7ba4f2993106','6fa6d768-9b69-4e53-83c4-4dff5db46bf9','Ffff',1,'2025-01-17 16:35:32','text'),('1dd49fa8-3fbb-495e-96f9-047ace15265a','d1d041f0-1869-4002-8049-7ba4f2993106','6fa6d768-9b69-4e53-83c4-4dff5db46bf9','G',1,'2025-01-17 16:37:45','text'),('1e092c37-51d2-43c8-b0d8-ed9ff62faceb','aa8b72aa-b179-4a25-a830-d8cce69db000','d1d041f0-1869-4002-8049-7ba4f2993106','Test',1,'2025-01-17 12:16:22','text'),('1e4abf30-609c-4153-841c-32487a523ff6','d1d041f0-1869-4002-8049-7ba4f2993106','aa8b72aa-b179-4a25-a830-d8cce69db000','Plop',1,'2025-01-17 16:16:27','text'),('1ec29a81-daf4-48b0-bd30-6cbd02252085','aa8b72aa-b179-4a25-a830-d8cce69db000','d1d041f0-1869-4002-8049-7ba4f2993106','jj',1,'2025-01-17 15:53:51','text'),('1fdc429c-69b5-4b4b-98e1-217207917052','d1d041f0-1869-4002-8049-7ba4f2993106','6fa6d768-9b69-4e53-83c4-4dff5db46bf9','jjjj',1,'2025-01-17 17:46:37','text'),('22b8c2c1-c35d-43e2-b731-18b7f04dfc2b','d1d041f0-1869-4002-8049-7ba4f2993106','6fa6d768-9b69-4e53-83c4-4dff5db46bf9','Ffff',1,'2025-01-17 16:35:42','text'),('235d5911-0368-49b6-bdca-3a3dd38476fc','d1d041f0-1869-4002-8049-7ba4f2993106','aa8b72aa-b179-4a25-a830-d8cce69db000','Cccc',1,'2025-01-17 12:22:56','text'),('2492c180-5488-4c46-b409-c5dbc40e304f','d1d041f0-1869-4002-8049-7ba4f2993106','6fa6d768-9b69-4e53-83c4-4dff5db46bf9','jjjj',1,'2025-01-17 17:46:25','text'),('28da13ee-6a3b-458e-beb2-a37803fb5f43','d1d041f0-1869-4002-8049-7ba4f2993106','aa8b72aa-b179-4a25-a830-d8cce69db000','test',1,'2025-01-17 10:30:27','text'),('2d1793b6-24b3-479d-83db-bc4a73ce1ae1','d1d041f0-1869-4002-8049-7ba4f2993106','aa8b72aa-b179-4a25-a830-d8cce69db000','Fggg',1,'2025-01-17 16:08:54','text'),('2dfda36f-d1cb-4d76-849f-6b59fe1f1ec1','6fa6d768-9b69-4e53-83c4-4dff5db46bf9','aa8b72aa-b179-4a25-a830-d8cce69db000','Fff',0,'2025-01-17 16:44:37','text'),('2e2d78dd-9470-4a81-bec3-73a227953662','d1d041f0-1869-4002-8049-7ba4f2993106','6fa6d768-9b69-4e53-83c4-4dff5db46bf9','G',1,'2025-01-17 16:37:45','text'),('301043ca-8c7a-4782-9e1e-078c2a056ec0','d1d041f0-1869-4002-8049-7ba4f2993106','6fa6d768-9b69-4e53-83c4-4dff5db46bf9','sss',1,'2025-01-17 16:51:37','text'),('31440a3f-f2b2-4a52-97e1-1bdd0a9fcc6a','6fa6d768-9b69-4e53-83c4-4dff5db46bf9','d1d041f0-1869-4002-8049-7ba4f2993106','hhh',1,'2025-01-17 16:35:38','text'),('329b5b4c-a1de-4826-80c8-4f65d3bab673','6fa6d768-9b69-4e53-83c4-4dff5db46bf9','d1d041f0-1869-4002-8049-7ba4f2993106','Fff',1,'2025-01-17 16:44:53','text'),('360d4b19-b895-4fa7-b127-0046835210c2','d1d041f0-1869-4002-8049-7ba4f2993106','6fa6d768-9b69-4e53-83c4-4dff5db46bf9','G',1,'2025-01-17 16:37:46','text'),('3b330337-b482-4991-884f-862dd9f287a8','aa8b72aa-b179-4a25-a830-d8cce69db000','6fa6d768-9b69-4e53-83c4-4dff5db46bf9','hhhh',1,'2025-01-17 16:32:46','text'),('3b3c881c-8794-4e3c-a805-db7e0ad4b85f','d1d041f0-1869-4002-8049-7ba4f2993106','aa8b72aa-b179-4a25-a830-d8cce69db000','Fff',0,'2025-01-17 16:32:27','text'),('3c274b57-5cb0-4e9b-a9d3-06289539cc24','d1d041f0-1869-4002-8049-7ba4f2993106','6fa6d768-9b69-4e53-83c4-4dff5db46bf9','kkk',1,'2025-01-17 17:01:47','text'),('3c62e557-1835-43d5-800e-29321b74bac1','d1d041f0-1869-4002-8049-7ba4f2993106','aa8b72aa-b179-4a25-a830-d8cce69db000','Dfff',1,'2025-01-17 14:15:51','text'),('3caf625e-a63f-4c02-b196-046c928b00d5','6fa6d768-9b69-4e53-83c4-4dff5db46bf9','d1d041f0-1869-4002-8049-7ba4f2993106','Tff',1,'2025-01-17 16:45:02','text'),('3ccbec17-3468-43a0-9af5-de7766b75fd4','d1d041f0-1869-4002-8049-7ba4f2993106','aa8b72aa-b179-4a25-a830-d8cce69db000','Fffff',1,'2025-01-17 16:07:19','text'),('3d4e5aaa-b5ee-4a1d-b2c6-b5aacd976e7d','6fa6d768-9b69-4e53-83c4-4dff5db46bf9','d1d041f0-1869-4002-8049-7ba4f2993106','Fff',1,'2025-01-17 16:44:52','text'),('3efb7972-b8f0-4c23-9d55-00b793fba399','d1d041f0-1869-4002-8049-7ba4f2993106','aa8b72aa-b179-4a25-a830-d8cce69db000','ddsds',1,'2025-01-17 12:19:49','text'),('3fb7cb42-c984-4364-84b0-894d768272cd','d1d041f0-1869-4002-8049-7ba4f2993106','6fa6d768-9b69-4e53-83c4-4dff5db46bf9','Ffff',1,'2025-01-17 16:35:27','text'),('41553d79-2545-4b12-93fa-d2fa84922430','d1d041f0-1869-4002-8049-7ba4f2993106','6fa6d768-9b69-4e53-83c4-4dff5db46bf9','G',1,'2025-01-17 16:37:44','text'),('415c6995-bdc5-42d0-9931-8ccbc75adb24','d1d041f0-1869-4002-8049-7ba4f2993106','6fa6d768-9b69-4e53-83c4-4dff5db46bf9','kkk',1,'2025-01-17 16:54:17','text'),('47c3c6d7-0593-4e67-8422-8724534510fc','aa8b72aa-b179-4a25-a830-d8cce69db000','d1d041f0-1869-4002-8049-7ba4f2993106','lll',1,'2025-01-17 14:36:29','text'),('48b03b66-29c2-4b0d-809c-419d19a30746','d1d041f0-1869-4002-8049-7ba4f2993106','6fa6d768-9b69-4e53-83c4-4dff5db46bf9','sss',1,'2025-01-17 16:44:56','text'),('49a86083-38d8-423d-b54f-5a8a8b36c551','aa8b72aa-b179-4a25-a830-d8cce69db000','d1d041f0-1869-4002-8049-7ba4f2993106','Jcnfncnx',1,'2025-01-17 12:16:33','text'),('4b6b8efc-cc38-40d3-a547-2f81f1d20aca','aa8b72aa-b179-4a25-a830-d8cce69db000','d1d041f0-1869-4002-8049-7ba4f2993106','Hey',1,'2025-01-17 12:00:11','text'),('4b82ea3b-94c2-4096-be46-6d01d9e9eb01','d1d041f0-1869-4002-8049-7ba4f2993106','aa8b72aa-b179-4a25-a830-d8cce69db000','Ccc',1,'2025-01-17 14:11:28','text'),('4bc93a84-7c2e-4d19-8dba-ee9388d61043','d1d041f0-1869-4002-8049-7ba4f2993106','6fa6d768-9b69-4e53-83c4-4dff5db46bf9','G',1,'2025-01-17 16:37:36','text'),('4d3d7117-6d17-4ebf-a1ec-d91a5d2a8e06','aa8b72aa-b179-4a25-a830-d8cce69db000','6fa6d768-9b69-4e53-83c4-4dff5db46bf9','jjjkkk',1,'2025-01-17 16:34:16','text'),('4d8a1858-70fd-48a5-b1c9-34d05b148522','aa8b72aa-b179-4a25-a830-d8cce69db000','6fa6d768-9b69-4e53-83c4-4dff5db46bf9','hhhh',1,'2025-01-17 16:32:46','text'),('4e8e8923-95e5-4995-957a-1b89b416baff','d1d041f0-1869-4002-8049-7ba4f2993106','aa8b72aa-b179-4a25-a830-d8cce69db000','Ffff',1,'2025-01-17 16:07:34','text'),('4f1f7e1c-8b72-4b57-bc22-dee6171dc865','aa8b72aa-b179-4a25-a830-d8cce69db000','6fa6d768-9b69-4e53-83c4-4dff5db46bf9','hhhh',1,'2025-01-17 16:32:45','text'),('4f44090d-c282-4b2b-9caf-78b27ad1bca8','d1d041f0-1869-4002-8049-7ba4f2993106','6fa6d768-9b69-4e53-83c4-4dff5db46bf9','kkk',1,'2025-01-17 17:01:52','text'),('4fad10d9-f07b-4954-9eca-e3c30da5228c','6fa6d768-9b69-4e53-83c4-4dff5db46bf9','d1d041f0-1869-4002-8049-7ba4f2993106','hem',1,'2025-01-17 16:37:56','text'),('516228cc-9eaf-4134-8e55-a2d032150132','d1d041f0-1869-4002-8049-7ba4f2993106','6fa6d768-9b69-4e53-83c4-4dff5db46bf9','G',1,'2025-01-17 16:37:37','text'),('516909ae-7016-45f5-98fc-0df737faecc4','d1d041f0-1869-4002-8049-7ba4f2993106','6fa6d768-9b69-4e53-83c4-4dff5db46bf9','Ffff',1,'2025-01-17 16:36:00','text'),('5542658f-2879-4bb7-ae47-2776a7aa7425','d1d041f0-1869-4002-8049-7ba4f2993106','aa8b72aa-b179-4a25-a830-d8cce69db000','Dff',0,'2025-01-17 16:31:57','text'),('55a7e25f-09bd-448f-ab91-ffc5a5a1e6e5','d1d041f0-1869-4002-8049-7ba4f2993106','6fa6d768-9b69-4e53-83c4-4dff5db46bf9','sss',1,'2025-01-17 16:44:55','text'),('5778b7e6-72b9-4326-9ab9-4df93c085a45','d1d041f0-1869-4002-8049-7ba4f2993106','aa8b72aa-b179-4a25-a830-d8cce69db000','Gggg',1,'2025-01-17 14:33:30','text'),('57c5045d-7f90-401d-bc8d-93876d1ce01f','d1d041f0-1869-4002-8049-7ba4f2993106','6fa6d768-9b69-4e53-83c4-4dff5db46bf9','kkk',1,'2025-01-17 16:54:17','text'),('57e51b44-7364-4563-b705-2734bf14ec7b','6fa6d768-9b69-4e53-83c4-4dff5db46bf9','aa8b72aa-b179-4a25-a830-d8cce69db000','TggT',0,'2025-01-17 16:42:57','text'),('5804da6e-70dc-4832-b698-8cf3328081ac','d1d041f0-1869-4002-8049-7ba4f2993106','6fa6d768-9b69-4e53-83c4-4dff5db46bf9','kkk',1,'2025-01-17 17:01:56','text'),('5a966729-4dc3-4975-9c16-f32d1addb2f1','d1d041f0-1869-4002-8049-7ba4f2993106','6fa6d768-9b69-4e53-83c4-4dff5db46bf9','G',1,'2025-01-17 16:37:45','text'),('5c482ceb-aa05-44e1-99aa-c2f698e62120','d1d041f0-1869-4002-8049-7ba4f2993106','6fa6d768-9b69-4e53-83c4-4dff5db46bf9','G',1,'2025-01-17 16:37:46','text'),('5d6e1609-5f22-4888-9e64-ea46250f44b6','d1d041f0-1869-4002-8049-7ba4f2993106','6fa6d768-9b69-4e53-83c4-4dff5db46bf9','G',1,'2025-01-17 16:37:48','text'),('5d83cae8-5974-46fd-9cf8-37d85265d35c','d1d041f0-1869-4002-8049-7ba4f2993106','6fa6d768-9b69-4e53-83c4-4dff5db46bf9','G',1,'2025-01-17 16:37:58','text'),('5ead8862-6346-4f5d-bd0d-0702a1ba582d','d1d041f0-1869-4002-8049-7ba4f2993106','6fa6d768-9b69-4e53-83c4-4dff5db46bf9','Ffff',1,'2025-01-17 16:35:32','text'),('5ee86bf1-8d58-444f-831f-6b237bd8c767','d1d041f0-1869-4002-8049-7ba4f2993106','6fa6d768-9b69-4e53-83c4-4dff5db46bf9','G',1,'2025-01-17 16:37:45','text'),('6282e150-eb95-4a54-b5d2-06225df94316','d1d041f0-1869-4002-8049-7ba4f2993106','6fa6d768-9b69-4e53-83c4-4dff5db46bf9','G',1,'2025-01-17 16:37:46','text'),('642cea5a-b933-4bd9-b8b1-c8c68e572bcd','d1d041f0-1869-4002-8049-7ba4f2993106','6fa6d768-9b69-4e53-83c4-4dff5db46bf9','jj',1,'2025-01-17 17:03:21','text'),('65dbc02d-3641-4deb-abeb-a645d5daa112','d1d041f0-1869-4002-8049-7ba4f2993106','6fa6d768-9b69-4e53-83c4-4dff5db46bf9','G',1,'2025-01-17 16:37:45','text'),('66a662d7-ba9f-4500-95f3-31e3c63fdcb3','d1d041f0-1869-4002-8049-7ba4f2993106','6fa6d768-9b69-4e53-83c4-4dff5db46bf9','sss',1,'2025-01-17 16:49:24','text'),('673b815d-73d9-43ac-ac1d-37cea675674e','aa8b72aa-b179-4a25-a830-d8cce69db000','d1d041f0-1869-4002-8049-7ba4f2993106','jjj',1,'2025-01-17 16:06:08','text'),('68a906e9-ec2b-4768-8d33-ca0705e8678e','6fa6d768-9b69-4e53-83c4-4dff5db46bf9','d1d041f0-1869-4002-8049-7ba4f2993106','Tff',0,'2025-01-17 17:46:34','text'),('69175fea-4a9c-4b93-8e88-ba97798cb8fc','aa8b72aa-b179-4a25-a830-d8cce69db000','d1d041f0-1869-4002-8049-7ba4f2993106','kkk',1,'2025-01-17 14:10:07','text'),('6f11ecf5-caad-4d2d-ad77-495fec153c32','6fa6d768-9b69-4e53-83c4-4dff5db46bf9','d1d041f0-1869-4002-8049-7ba4f2993106','hhh',1,'2025-01-17 16:35:19','text'),('7108378d-e247-43bd-bf8e-de60a6cec161','aa8b72aa-b179-4a25-a830-d8cce69db000','6fa6d768-9b69-4e53-83c4-4dff5db46bf9','jjj',1,'2025-01-17 16:34:01','text'),('712766a6-7124-4d9c-98db-9f60124bd781','d1d041f0-1869-4002-8049-7ba4f2993106','aa8b72aa-b179-4a25-a830-d8cce69db000','Ffff',1,'2025-01-17 12:23:15','text'),('7191f286-4861-4c7d-85e5-68847a63733a','d1d041f0-1869-4002-8049-7ba4f2993106','6fa6d768-9b69-4e53-83c4-4dff5db46bf9','G',1,'2025-01-17 16:37:44','text'),('739c46b7-8836-45dd-8fbd-cd5cee23ebed','d1d041f0-1869-4002-8049-7ba4f2993106','aa8b72aa-b179-4a25-a830-d8cce69db000','Dff',0,'2025-01-17 16:31:56','text'),('744554fe-ae85-440c-9e9d-dad08f477fc5','d1d041f0-1869-4002-8049-7ba4f2993106','aa8b72aa-b179-4a25-a830-d8cce69db000','Vggg',1,'2025-01-17 14:33:44','text'),('7548fc63-0a0b-4b18-8870-570fcd4705d9','aa8b72aa-b179-4a25-a830-d8cce69db000','6fa6d768-9b69-4e53-83c4-4dff5db46bf9','hhhh',1,'2025-01-17 16:32:37','text'),('76a43cb1-968f-4058-902b-356467eb372b','d1d041f0-1869-4002-8049-7ba4f2993106','aa8b72aa-b179-4a25-a830-d8cce69db000','Cfff',1,'2025-01-17 14:36:22','text'),('76a6c066-5218-4656-96fb-1bedc5ef03ba','d1d041f0-1869-4002-8049-7ba4f2993106','6fa6d768-9b69-4e53-83c4-4dff5db46bf9','Ghhh',1,'2025-01-17 16:38:03','text'),('773d69b5-288f-47bf-a1d7-f50d42e1fa35','aa8b72aa-b179-4a25-a830-d8cce69db000','6fa6d768-9b69-4e53-83c4-4dff5db46bf9','jjjkkk',1,'2025-01-17 16:34:24','text'),('7983ed42-9f94-482c-a118-737a4ba152e5','aa8b72aa-b179-4a25-a830-d8cce69db000','6fa6d768-9b69-4e53-83c4-4dff5db46bf9','hhhh',1,'2025-01-17 16:32:45','text'),('7c55b756-1934-42d7-ac5b-7adde5d94daf','aa8b72aa-b179-4a25-a830-d8cce69db000','6fa6d768-9b69-4e53-83c4-4dff5db46bf9','jjjkkk',1,'2025-01-17 16:34:08','text'),('7c67a3bb-2e9e-4e68-8274-c8aed052f01f','6fa6d768-9b69-4e53-83c4-4dff5db46bf9','aa8b72aa-b179-4a25-a830-d8cce69db000','TggT',0,'2025-01-17 16:42:58','text'),('7cefb836-520f-4e57-b57c-7c58703aa98a','d1d041f0-1869-4002-8049-7ba4f2993106','aa8b72aa-b179-4a25-a830-d8cce69db000','dsds',1,'2025-01-17 11:51:23','text'),('80ca5b6b-9270-4849-95d9-4ebfb2d646e3','d1d041f0-1869-4002-8049-7ba4f2993106','6fa6d768-9b69-4e53-83c4-4dff5db46bf9','kkk',1,'2025-01-17 17:01:55','text'),('8371e42a-2a0e-4257-9426-94fdf9c287eb','d1d041f0-1869-4002-8049-7ba4f2993106','6fa6d768-9b69-4e53-83c4-4dff5db46bf9','Ghhh',1,'2025-01-17 16:38:04','text'),('839bb5c7-4ff2-408c-8075-6647aaff831e','d1d041f0-1869-4002-8049-7ba4f2993106','6fa6d768-9b69-4e53-83c4-4dff5db46bf9','sss',1,'2025-01-17 16:44:56','text'),('85cbe3b8-0e82-41d8-a4d5-61adfb693f97','6fa6d768-9b69-4e53-83c4-4dff5db46bf9','aa8b72aa-b179-4a25-a830-d8cce69db000','TggT',0,'2025-01-17 16:43:13','text'),('8674b8b8-fc8b-4296-adbc-adc717e8072c','aa8b72aa-b179-4a25-a830-d8cce69db000','6fa6d768-9b69-4e53-83c4-4dff5db46bf9','hhhh',1,'2025-01-17 16:32:45','text'),('87659210-9e77-4032-8449-210a12cb6e41','d1d041f0-1869-4002-8049-7ba4f2993106','aa8b72aa-b179-4a25-a830-d8cce69db000','Gggg',1,'2025-01-17 16:06:33','text'),('877c7ba5-70c8-43d2-a028-c00abe91fca8','6fa6d768-9b69-4e53-83c4-4dff5db46bf9','d1d041f0-1869-4002-8049-7ba4f2993106','hem',1,'2025-01-17 16:37:33','text'),('88a0bafb-bbcf-45a1-8183-a379f283a466','6fa6d768-9b69-4e53-83c4-4dff5db46bf9','d1d041f0-1869-4002-8049-7ba4f2993106','hem',1,'2025-01-17 16:37:56','text'),('8b31df34-63d4-430a-bc2c-057569dda74d','d1d041f0-1869-4002-8049-7ba4f2993106','6fa6d768-9b69-4e53-83c4-4dff5db46bf9','Ffff',1,'2025-01-17 16:35:28','text'),('8bd1e613-313f-464a-ae9e-3d28cde0fa6d','d1d041f0-1869-4002-8049-7ba4f2993106','aa8b72aa-b179-4a25-a830-d8cce69db000','Cfff',1,'2025-01-17 12:23:28','text'),('8f03fb59-26fb-4a52-89a2-f630b0675891','d1d041f0-1869-4002-8049-7ba4f2993106','6fa6d768-9b69-4e53-83c4-4dff5db46bf9','G',1,'2025-01-17 16:37:59','text'),('8f6b0019-d188-4e9f-8515-4c9d98b9b8b3','d1d041f0-1869-4002-8049-7ba4f2993106','6fa6d768-9b69-4e53-83c4-4dff5db46bf9','sss',1,'2025-01-17 16:44:56','text'),('8fb27a2a-aac8-49c6-bbb1-0dedd8ea6689','aa8b72aa-b179-4a25-a830-d8cce69db000','d1d041f0-1869-4002-8049-7ba4f2993106','dsfdfs',1,'2025-01-17 15:51:15','text'),('900e2802-403d-42cf-846e-486ab3495876','d1d041f0-1869-4002-8049-7ba4f2993106','6fa6d768-9b69-4e53-83c4-4dff5db46bf9','sss',1,'2025-01-17 16:44:56','text'),('923304bf-ae5c-4e70-bc9e-9fdf350c2e7a','d1d041f0-1869-4002-8049-7ba4f2993106','aa8b72aa-b179-4a25-a830-d8cce69db000','Ffff',1,'2025-01-17 16:07:44','text'),('92f8e592-5fa9-49e2-912d-a5c798008311','d1d041f0-1869-4002-8049-7ba4f2993106','aa8b72aa-b179-4a25-a830-d8cce69db000','Ffff',1,'2025-01-17 14:09:33','text'),('9486c4c6-b253-416d-817e-c9999b684725','aa8b72aa-b179-4a25-a830-d8cce69db000','d1d041f0-1869-4002-8049-7ba4f2993106','Gfgg',1,'2025-01-17 12:16:50','text'),('94a22bd0-5b1b-4e15-85ed-14274511afad','d1d041f0-1869-4002-8049-7ba4f2993106','6fa6d768-9b69-4e53-83c4-4dff5db46bf9','G',1,'2025-01-17 16:37:47','text'),('95af4159-56a0-4831-93dd-d0d27f77fbe0','d1d041f0-1869-4002-8049-7ba4f2993106','aa8b72aa-b179-4a25-a830-d8cce69db000','Tggg',1,'2025-01-17 16:07:25','text'),('969a7223-3ab5-4637-be41-87e800ced58b','d1d041f0-1869-4002-8049-7ba4f2993106','6fa6d768-9b69-4e53-83c4-4dff5db46bf9','G',1,'2025-01-17 16:37:45','text'),('98878340-5f92-44b3-9c34-8e24e015b0ad','aa8b72aa-b179-4a25-a830-d8cce69db000','d1d041f0-1869-4002-8049-7ba4f2993106','test',1,'2025-01-17 14:11:21','text'),('98b90759-a20b-4537-a442-6aef792207c8','aa8b72aa-b179-4a25-a830-d8cce69db000','6fa6d768-9b69-4e53-83c4-4dff5db46bf9','hhhh',1,'2025-01-17 16:32:46','text'),('99811fa2-63fb-4976-b56b-dfcfa274bbbc','aa8b72aa-b179-4a25-a830-d8cce69db000','d1d041f0-1869-4002-8049-7ba4f2993106','Ffff',1,'2025-01-17 12:17:46','text'),('99f47b2a-fb35-4f3e-9534-c7bac566a5c1','d1d041f0-1869-4002-8049-7ba4f2993106','aa8b72aa-b179-4a25-a830-d8cce69db000','Fff',1,'2025-01-17 14:18:00','text'),('9c653d44-befb-44f3-8dd0-ad7d4c08799b','d1d041f0-1869-4002-8049-7ba4f2993106','aa8b72aa-b179-4a25-a830-d8cce69db000','Dff',0,'2025-01-17 16:31:54','text'),('9d0dc4e0-544c-402c-9d0e-03b979e8f8a4','6fa6d768-9b69-4e53-83c4-4dff5db46bf9','d1d041f0-1869-4002-8049-7ba4f2993106','hem',1,'2025-01-17 16:37:52','text'),('9dd07fe3-2650-4d82-a65f-5f0a16aee9e8','d1d041f0-1869-4002-8049-7ba4f2993106','6fa6d768-9b69-4e53-83c4-4dff5db46bf9','sss',1,'2025-01-17 16:44:48','text'),('9f94a64b-50a8-4ea9-8cc6-4b1e8a03a387','d1d041f0-1869-4002-8049-7ba4f2993106','aa8b72aa-b179-4a25-a830-d8cce69db000','dsdsds',1,'2025-01-17 10:39:30','text'),('a1528bbe-5c1d-458a-bec7-d752faf3e927','d1d041f0-1869-4002-8049-7ba4f2993106','6fa6d768-9b69-4e53-83c4-4dff5db46bf9','qqqq',1,'2025-01-17 16:52:16','text'),('a2d0f7fc-f7fd-4408-80ce-ef94778afa34','d1d041f0-1869-4002-8049-7ba4f2993106','aa8b72aa-b179-4a25-a830-d8cce69db000','Dff',0,'2025-01-17 16:31:57','text'),('a33fcb15-549e-4ce9-9cac-4ccb7da9d1be','d1d041f0-1869-4002-8049-7ba4f2993106','6fa6d768-9b69-4e53-83c4-4dff5db46bf9','G',1,'2025-01-17 16:37:47','text'),('a347f54d-555e-47d1-96c8-545348d4afe2','d1d041f0-1869-4002-8049-7ba4f2993106','aa8b72aa-b179-4a25-a830-d8cce69db000','Ffff',1,'2025-01-17 16:00:07','text'),('a4e2c334-b5b9-4342-a744-4359f318fb4f','aa8b72aa-b179-4a25-a830-d8cce69db000','6fa6d768-9b69-4e53-83c4-4dff5db46bf9','hhhh',1,'2025-01-17 16:32:43','text'),('a5101519-17b2-45c4-bce1-32cabec0cd82','aa8b72aa-b179-4a25-a830-d8cce69db000','d1d041f0-1869-4002-8049-7ba4f2993106','jjj',1,'2025-01-17 15:46:54','text'),('a72d83f6-d59f-4cc7-ad62-1f59d8136aad','d1d041f0-1869-4002-8049-7ba4f2993106','6fa6d768-9b69-4e53-83c4-4dff5db46bf9','kkk',1,'2025-01-17 17:01:55','text'),('a76e44f3-a894-4226-a761-5f99ac7e67cd','6fa6d768-9b69-4e53-83c4-4dff5db46bf9','d1d041f0-1869-4002-8049-7ba4f2993106','hhh',1,'2025-01-17 16:35:43','text'),('aa0d1f6b-ba7f-42a6-a191-6f9e889754d1','aa8b72aa-b179-4a25-a830-d8cce69db000','d1d041f0-1869-4002-8049-7ba4f2993106','Fff',1,'2025-01-17 12:19:02','text'),('ab560bf1-252d-47e2-90ec-6e40695d64ab','d1d041f0-1869-4002-8049-7ba4f2993106','6fa6d768-9b69-4e53-83c4-4dff5db46bf9','kkk',1,'2025-01-17 17:01:55','text'),('ac06e23a-2760-4beb-8cad-f1a21110381d','d1d041f0-1869-4002-8049-7ba4f2993106','aa8b72aa-b179-4a25-a830-d8cce69db000','dsdssd',1,'2025-01-17 12:19:07','text'),('ad225ced-27be-4c8b-9c78-acc14d8d736d','d1d041f0-1869-4002-8049-7ba4f2993106','6fa6d768-9b69-4e53-83c4-4dff5db46bf9','kkk',1,'2025-01-17 16:54:13','text'),('ad670860-73cd-4c24-8951-db8658b58f68','aa8b72aa-b179-4a25-a830-d8cce69db000','d1d041f0-1869-4002-8049-7ba4f2993106','h,hj',1,'2025-01-17 12:23:34','text'),('adf92b48-d803-4076-8a0e-c2a4e0059e05','aa8b72aa-b179-4a25-a830-d8cce69db000','d1d041f0-1869-4002-8049-7ba4f2993106','jkjk',1,'2025-01-17 12:28:22','text'),('ae0e037b-4d01-4821-b079-26e67fe720d9','d1d041f0-1869-4002-8049-7ba4f2993106','6fa6d768-9b69-4e53-83c4-4dff5db46bf9','sss',1,'2025-01-17 16:44:56','text'),('ae60d907-35a2-4ab7-a08a-c290f3cd1ea8','d1d041f0-1869-4002-8049-7ba4f2993106','aa8b72aa-b179-4a25-a830-d8cce69db000','test',1,'2025-01-17 10:20:30','text'),('ae8f974f-0357-413a-b2bf-32e13bb850a3','aa8b72aa-b179-4a25-a830-d8cce69db000','d1d041f0-1869-4002-8049-7ba4f2993106','Test',1,'2025-01-17 12:15:52','text'),('af13179f-4d76-40fa-9863-7a5354f73db5','d1d041f0-1869-4002-8049-7ba4f2993106','aa8b72aa-b179-4a25-a830-d8cce69db000','test',1,'2025-01-17 12:16:44','text'),('afe77ef3-e7f4-4d14-92d6-24129bc7f212','d1d041f0-1869-4002-8049-7ba4f2993106','aa8b72aa-b179-4a25-a830-d8cce69db000','Fff',1,'2025-01-17 14:09:54','text'),('b0224b2d-6d03-4892-a895-1cf91c272a4a','d1d041f0-1869-4002-8049-7ba4f2993106','aa8b72aa-b179-4a25-a830-d8cce69db000','test',1,'2025-01-17 10:37:26','text'),('b25e10bc-7563-4fcb-831e-93ebdca2bed7','6fa6d768-9b69-4e53-83c4-4dff5db46bf9','d1d041f0-1869-4002-8049-7ba4f2993106','hem',1,'2025-01-17 16:37:55','text'),('b5de98f8-4fee-4664-810c-dbac360ed982','d1d041f0-1869-4002-8049-7ba4f2993106','aa8b72aa-b179-4a25-a830-d8cce69db000','Fff',1,'2025-01-17 15:30:01','text'),('b777ce2b-d0a2-43bf-95b0-cb9663a647c7','d1d041f0-1869-4002-8049-7ba4f2993106','6fa6d768-9b69-4e53-83c4-4dff5db46bf9','sss',1,'2025-01-17 16:52:09','text'),('b7d098d6-b059-40a2-a3c7-4e4383d85cf7','aa8b72aa-b179-4a25-a830-d8cce69db000','d1d041f0-1869-4002-8049-7ba4f2993106','hhhh',1,'2025-01-17 14:15:55','text'),('b7ec6189-8dd4-4f1c-838b-1518957f6d4a','d1d041f0-1869-4002-8049-7ba4f2993106','aa8b72aa-b179-4a25-a830-d8cce69db000','Vcgcf',1,'2025-01-17 15:02:26','text'),('b88cebe7-c9e5-43a5-a505-faddfceb30af','d1d041f0-1869-4002-8049-7ba4f2993106','6fa6d768-9b69-4e53-83c4-4dff5db46bf9','Hey',1,'2025-01-17 16:23:55','text'),('b97d054b-fc7a-4625-9d77-7ede1bbf7938','d1d041f0-1869-4002-8049-7ba4f2993106','aa8b72aa-b179-4a25-a830-d8cce69db000','test',1,'2025-01-17 11:51:45','text'),('b99a76c5-0ca3-43c8-9c80-891f99134e7f','d1d041f0-1869-4002-8049-7ba4f2993106','aa8b72aa-b179-4a25-a830-d8cce69db000','yiuyy',1,'2025-01-17 12:17:52','text'),('ba1194cc-1682-4798-a09e-55e268610977','d1d041f0-1869-4002-8049-7ba4f2993106','aa8b72aa-b179-4a25-a830-d8cce69db000','Dff',0,'2025-01-17 16:31:50','text'),('bb9dfa83-2e21-40fb-95bb-d80fad290033','d1d041f0-1869-4002-8049-7ba4f2993106','aa8b72aa-b179-4a25-a830-d8cce69db000','Ffff',1,'2025-01-17 12:28:27','text'),('bbbc1875-1abb-4c3a-a8ac-f93af0705e5b','d1d041f0-1869-4002-8049-7ba4f2993106','aa8b72aa-b179-4a25-a830-d8cce69db000','Cgf',1,'2025-01-17 14:27:12','text'),('bd3a4a68-1493-4d42-9c6f-4eee7d6de6a3','6fa6d768-9b69-4e53-83c4-4dff5db46bf9','d1d041f0-1869-4002-8049-7ba4f2993106','hem',1,'2025-01-17 16:35:58','text'),('bd478572-c4a2-4018-ab06-56c1de8eae40','aa8b72aa-b179-4a25-a830-d8cce69db000','d1d041f0-1869-4002-8049-7ba4f2993106','Fkfkf',1,'2025-01-17 12:15:09','text'),('bd55d687-90b4-4e27-a044-de124e5612a4','6fa6d768-9b69-4e53-83c4-4dff5db46bf9','aa8b72aa-b179-4a25-a830-d8cce69db000','T',0,'2025-01-17 16:42:37','text'),('beabc727-fbe5-44c3-9dbb-c6cd756ce0b1','d1d041f0-1869-4002-8049-7ba4f2993106','6fa6d768-9b69-4e53-83c4-4dff5db46bf9','kkk',1,'2025-01-17 16:54:17','text'),('bf45f149-5d13-43d5-91f0-06721dd8bd98','d1d041f0-1869-4002-8049-7ba4f2993106','aa8b72aa-b179-4a25-a830-d8cce69db000','Gff',1,'2025-01-17 14:33:22','text'),('bfe3e09f-2519-40c8-a8b3-8207e7453587','d1d041f0-1869-4002-8049-7ba4f2993106','6fa6d768-9b69-4e53-83c4-4dff5db46bf9','kkk',1,'2025-01-17 16:54:17','text'),('c212a87f-8830-4756-ad3e-552a31d09ee2','d1d041f0-1869-4002-8049-7ba4f2993106','6fa6d768-9b69-4e53-83c4-4dff5db46bf9','sss',1,'2025-01-17 16:42:50','text'),('c23684e0-72ac-450d-b9e3-d025e6210cc4','d1d041f0-1869-4002-8049-7ba4f2993106','6fa6d768-9b69-4e53-83c4-4dff5db46bf9','G',1,'2025-01-17 16:37:48','text'),('c24238d7-6375-43ff-9f99-b978781a8559','d1d041f0-1869-4002-8049-7ba4f2993106','aa8b72aa-b179-4a25-a830-d8cce69db000','Ggg',1,'2025-01-17 12:21:20','text'),('c3c8a4e2-fde5-4667-818a-2516f4dca6c3','aa8b72aa-b179-4a25-a830-d8cce69db000','d1d041f0-1869-4002-8049-7ba4f2993106','Hey',1,'2025-01-17 12:00:04','text'),('c4d8646a-f665-4174-900d-48a13695fe23','d1d041f0-1869-4002-8049-7ba4f2993106','6fa6d768-9b69-4e53-83c4-4dff5db46bf9','G',1,'2025-01-17 16:37:47','text'),('c68798ce-926f-499a-8eb0-18c207822472','d1d041f0-1869-4002-8049-7ba4f2993106','aa8b72aa-b179-4a25-a830-d8cce69db000','Dff',1,'2025-01-17 12:24:52','text'),('c7ab0bb8-c247-4cf1-9077-b4bedacc1476','d1d041f0-1869-4002-8049-7ba4f2993106','aa8b72aa-b179-4a25-a830-d8cce69db000','Ffff',1,'2025-01-17 12:23:05','text'),('c8893c92-b417-47bb-a7e7-6b3b3fe1d7af','d1d041f0-1869-4002-8049-7ba4f2993106','6fa6d768-9b69-4e53-83c4-4dff5db46bf9','G',1,'2025-01-17 16:37:47','text'),('ca505734-ed26-4ae4-92e1-87574811b563','d1d041f0-1869-4002-8049-7ba4f2993106','6fa6d768-9b69-4e53-83c4-4dff5db46bf9','ddd',1,'2025-01-17 16:42:39','text'),('cb58bca4-078a-4b72-ac03-f42be7e291f0','d1d041f0-1869-4002-8049-7ba4f2993106','6fa6d768-9b69-4e53-83c4-4dff5db46bf9','kkk',1,'2025-01-17 16:54:16','text'),('cbe142d8-3879-43e2-87c4-32b7232618d8','d1d041f0-1869-4002-8049-7ba4f2993106','6fa6d768-9b69-4e53-83c4-4dff5db46bf9','Ffff',1,'2025-01-17 16:35:32','text'),('cc8e6480-8d50-4cee-bd95-c4a2b888fcf8','6fa6d768-9b69-4e53-83c4-4dff5db46bf9','d1d041f0-1869-4002-8049-7ba4f2993106','hem',1,'2025-01-17 16:37:55','text'),('cd93c7a2-bfaa-444d-b7eb-c6701e4d7e6d','d1d041f0-1869-4002-8049-7ba4f2993106','aa8b72aa-b179-4a25-a830-d8cce69db000','Ffff',1,'2025-01-17 12:23:52','text'),('cfa4ebe3-9cff-4bef-b699-02cd0af7b11d','d1d041f0-1869-4002-8049-7ba4f2993106','aa8b72aa-b179-4a25-a830-d8cce69db000','Dff',0,'2025-01-17 16:31:57','text'),('d0cb7a5e-7324-428c-aec1-342ad9da2f3c','aa8b72aa-b179-4a25-a830-d8cce69db000','d1d041f0-1869-4002-8049-7ba4f2993106','jjj',1,'2025-01-17 14:11:32','text'),('d0d25ff8-5816-4a98-98d2-182d27007cf8','d1d041f0-1869-4002-8049-7ba4f2993106','aa8b72aa-b179-4a25-a830-d8cce69db000','Dff',0,'2025-01-17 16:31:57','text'),('d171d659-558d-42f0-90b0-459c39e2a6df','aa8b72aa-b179-4a25-a830-d8cce69db000','6fa6d768-9b69-4e53-83c4-4dff5db46bf9','hhhh',1,'2025-01-17 16:32:45','text'),('d26221e8-cb72-40a3-9927-e758bb8af9fa','d1d041f0-1869-4002-8049-7ba4f2993106','aa8b72aa-b179-4a25-a830-d8cce69db000','Sad',1,'2025-01-17 16:08:50','text'),('d2fd1e18-214a-4b04-9e78-595d68e3351c','d1d041f0-1869-4002-8049-7ba4f2993106','aa8b72aa-b179-4a25-a830-d8cce69db000','Dff',0,'2025-01-17 16:31:55','text'),('d6655764-b44a-4bc4-ac40-475349a39b3a','d1d041f0-1869-4002-8049-7ba4f2993106','6fa6d768-9b69-4e53-83c4-4dff5db46bf9','G',1,'2025-01-17 16:37:49','text'),('d6c1b131-065e-4819-be99-e0f1f7d12158','d1d041f0-1869-4002-8049-7ba4f2993106','6fa6d768-9b69-4e53-83c4-4dff5db46bf9','G',1,'2025-01-17 16:37:45','text'),('d78089c8-b598-4ff4-a548-8c38eaa29699','d1d041f0-1869-4002-8049-7ba4f2993106','aa8b72aa-b179-4a25-a830-d8cce69db000','jhkhk',1,'2025-01-17 11:51:37','text'),('d783ddf6-07ab-40f7-aff5-1993818019eb','aa8b72aa-b179-4a25-a830-d8cce69db000','d1d041f0-1869-4002-8049-7ba4f2993106','8888',1,'2025-01-17 12:21:23','text'),('d790d617-fcaf-441c-acce-62fc5d823901','d1d041f0-1869-4002-8049-7ba4f2993106','aa8b72aa-b179-4a25-a830-d8cce69db000','dsds',1,'2025-01-17 11:58:39','text'),('d9b151f1-d508-46c8-af1a-b495b4ffc49b','d1d041f0-1869-4002-8049-7ba4f2993106','aa8b72aa-b179-4a25-a830-d8cce69db000','Cfff',1,'2025-01-17 16:06:15','text'),('dac5c39f-4e91-41d4-93d4-a060cbdf4651','d1d041f0-1869-4002-8049-7ba4f2993106','6fa6d768-9b69-4e53-83c4-4dff5db46bf9','kkk',1,'2025-01-17 16:54:17','text'),('dc5bbb03-f57d-43d3-84b2-2348b86562d7','d1d041f0-1869-4002-8049-7ba4f2993106','6fa6d768-9b69-4e53-83c4-4dff5db46bf9','kkk',1,'2025-01-17 17:01:56','text'),('dcd95d77-c9a4-4247-9d8f-b2802dfde092','6fa6d768-9b69-4e53-83c4-4dff5db46bf9','aa8b72aa-b179-4a25-a830-d8cce69db000','Fff',0,'2025-01-17 16:44:35','text'),('dd66ae13-2883-4f92-89d1-369f7474256d','d1d041f0-1869-4002-8049-7ba4f2993106','aa8b72aa-b179-4a25-a830-d8cce69db000','test',1,'2025-01-17 10:32:34','text'),('df02d80d-b136-4d08-acf7-681e01e128fc','d1d041f0-1869-4002-8049-7ba4f2993106','6fa6d768-9b69-4e53-83c4-4dff5db46bf9','G',1,'2025-01-17 16:37:42','text'),('dff1e103-64c3-4ee9-bd42-bae42341618e','d1d041f0-1869-4002-8049-7ba4f2993106','6fa6d768-9b69-4e53-83c4-4dff5db46bf9','kkk',1,'2025-01-17 17:01:55','text'),('e17c28cf-2478-4b86-909e-bfe6299f6de3','6fa6d768-9b69-4e53-83c4-4dff5db46bf9','d1d041f0-1869-4002-8049-7ba4f2993106','Vccc',1,'2025-01-17 17:03:09','text'),('e361033e-0884-4263-a8be-7ddae5eed4a1','aa8b72aa-b179-4a25-a830-d8cce69db000','6fa6d768-9b69-4e53-83c4-4dff5db46bf9','hhhh',1,'2025-01-17 16:32:46','text'),('e39c81b0-4746-4a7b-bcdb-a54fc9ad1ee0','d1d041f0-1869-4002-8049-7ba4f2993106','6fa6d768-9b69-4e53-83c4-4dff5db46bf9','G',1,'2025-01-17 16:37:47','text'),('e4057e43-6f1c-4f71-a2c7-c43f9132b113','aa8b72aa-b179-4a25-a830-d8cce69db000','6fa6d768-9b69-4e53-83c4-4dff5db46bf9','hhhh',1,'2025-01-17 16:32:45','text'),('e533ce4a-1d72-458f-8d63-1577fc96600c','d1d041f0-1869-4002-8049-7ba4f2993106','aa8b72aa-b179-4a25-a830-d8cce69db000','Fff',1,'2025-01-17 12:21:58','text'),('e552f941-9523-40f9-853b-ab4707f93328','d1d041f0-1869-4002-8049-7ba4f2993106','6fa6d768-9b69-4e53-83c4-4dff5db46bf9','sss',1,'2025-01-17 16:45:04','text'),('e601aada-834c-433d-a2f3-a72a18a4f226','d1d041f0-1869-4002-8049-7ba4f2993106','6fa6d768-9b69-4e53-83c4-4dff5db46bf9','sss',1,'2025-01-17 16:43:10','text'),('e79d66e0-5990-4654-8caf-9d3fa259f511','aa8b72aa-b179-4a25-a830-d8cce69db000','d1d041f0-1869-4002-8049-7ba4f2993106','jkjjk',1,'2025-01-17 12:23:43','text'),('e7b34d83-9966-4ee7-9e5d-a18530db0271','d1d041f0-1869-4002-8049-7ba4f2993106','aa8b72aa-b179-4a25-a830-d8cce69db000','Trff',0,'2025-01-17 16:28:11','text'),('e8491499-4972-4f64-9a6d-3859486e562b','aa8b72aa-b179-4a25-a830-d8cce69db000','d1d041f0-1869-4002-8049-7ba4f2993106','dsdsds',1,'2025-01-17 12:22:05','text'),('e9fe0d4f-38bc-4f8d-a21c-a2b4150b29e0','d1d041f0-1869-4002-8049-7ba4f2993106','6fa6d768-9b69-4e53-83c4-4dff5db46bf9','sss',1,'2025-01-17 16:44:56','text'),('ea13662d-b9c2-4dd8-bd27-b0e1b869acfc','d1d041f0-1869-4002-8049-7ba4f2993106','aa8b72aa-b179-4a25-a830-d8cce69db000','Dff',0,'2025-01-17 16:31:56','text'),('ea85305f-f30a-491b-9e48-2730981411db','d1d041f0-1869-4002-8049-7ba4f2993106','aa8b72aa-b179-4a25-a830-d8cce69db000','Ffff',1,'2025-01-17 16:08:46','text'),('ef1a1c9f-3945-4a38-8576-ce08cd8fa319','d1d041f0-1869-4002-8049-7ba4f2993106','aa8b72aa-b179-4a25-a830-d8cce69db000','sds',1,'2025-01-17 11:58:25','text'),('ef85202c-0888-4567-a749-985ee4b20aa5','d1d041f0-1869-4002-8049-7ba4f2993106','aa8b72aa-b179-4a25-a830-d8cce69db000','Jkff',1,'2025-01-17 12:28:12','text'),('f2044214-cd15-425c-adc2-5c40a21f025e','d1d041f0-1869-4002-8049-7ba4f2993106','6fa6d768-9b69-4e53-83c4-4dff5db46bf9','Fff',1,'2025-01-17 16:34:37','text'),('f35f48a8-9985-4d45-a43e-13ef806394ef','d1d041f0-1869-4002-8049-7ba4f2993106','aa8b72aa-b179-4a25-a830-d8cce69db000','Se',1,'2025-01-17 16:08:58','text'),('f3c7430e-e2e6-4933-9f12-997b95379c81','d1d041f0-1869-4002-8049-7ba4f2993106','aa8b72aa-b179-4a25-a830-d8cce69db000','Ddd',1,'2025-01-17 12:22:21','text'),('f40cdd26-fb08-4acd-ae02-beaaaf6599cb','d1d041f0-1869-4002-8049-7ba4f2993106','aa8b72aa-b179-4a25-a830-d8cce69db000','Fff',1,'2025-01-17 14:27:19','text'),('f43e231b-1036-46a6-a4b4-95394d5c9156','6fa6d768-9b69-4e53-83c4-4dff5db46bf9','d1d041f0-1869-4002-8049-7ba4f2993106','Fff',1,'2025-01-17 16:54:22','text'),('f4fec31c-a360-4b89-94ec-979f30adec23','aa8b72aa-b179-4a25-a830-d8cce69db000','d1d041f0-1869-4002-8049-7ba4f2993106','Dfff',1,'2025-01-17 12:18:40','text'),('f70d4d78-e649-4102-93ef-0b9d94224dd5','d1d041f0-1869-4002-8049-7ba4f2993106','6fa6d768-9b69-4e53-83c4-4dff5db46bf9','jj',1,'2025-01-17 17:03:17','text'),('f7443270-a94a-4094-a017-e4b4d93b2cec','d1d041f0-1869-4002-8049-7ba4f2993106','6fa6d768-9b69-4e53-83c4-4dff5db46bf9','G',1,'2025-01-17 16:37:46','text'),('f7effbf9-38e3-4421-a344-bc8638fbd339','d1d041f0-1869-4002-8049-7ba4f2993106','6fa6d768-9b69-4e53-83c4-4dff5db46bf9','ddd',1,'2025-01-17 16:42:09','text'),('fb3e0958-6d9a-4fa8-9ccd-5884b3a9a1bf','aa8b72aa-b179-4a25-a830-d8cce69db000','d1d041f0-1869-4002-8049-7ba4f2993106','Fff',1,'2025-01-17 12:18:54','text'),('fd71df74-5eac-47a3-9fb8-5aec5e487ae7','aa8b72aa-b179-4a25-a830-d8cce69db000','6fa6d768-9b69-4e53-83c4-4dff5db46bf9','jjjkkk',1,'2025-01-17 16:34:16','text'),('ff489487-2e90-43ca-882a-f0f33e11b166','d1d041f0-1869-4002-8049-7ba4f2993106','aa8b72aa-b179-4a25-a830-d8cce69db000','test',1,'2025-01-17 12:16:05','text');
/*!40000 ALTER TABLE `messages_backup` ENABLE KEYS */;
UNLOCK TABLES;

--
-- Table structure for table `push_subscriptions`
--

DROP TABLE IF EXISTS `push_subscriptions`;
/*!40101 SET @saved_cs_client     = @@character_set_client */;
/*!50503 SET character_set_client = utf8mb4 */;
CREATE TABLE `push_subscriptions` (
  `user_id` char(36) NOT NULL,
  `endpoint` text NOT NULL,
  `p256dh` text NOT NULL,
  `auth` text NOT NULL,
  `created_at` timestamp NULL DEFAULT CURRENT_TIMESTAMP,
  `updated_at` timestamp NULL DEFAULT CURRENT_TIMESTAMP ON UPDATE CURRENT_TIMESTAMP,
  PRIMARY KEY (`user_id`),
  CONSTRAINT `push_subscriptions_ibfk_1` FOREIGN KEY (`user_id`) REFERENCES `users` (`id`) ON DELETE CASCADE
) ENGINE=InnoDB DEFAULT CHARSET=utf8mb4 COLLATE=utf8mb4_0900_ai_ci;
/*!40101 SET character_set_client = @saved_cs_client */;

--
-- Dumping data for table `push_subscriptions`
--

LOCK TABLES `push_subscriptions` WRITE;
/*!40000 ALTER TABLE `push_subscriptions` DISABLE KEYS */;
/*!40000 ALTER TABLE `push_subscriptions` ENABLE KEYS */;
UNLOCK TABLES;

--
-- Table structure for table `tokens`
--

DROP TABLE IF EXISTS `tokens`;
/*!40101 SET @saved_cs_client     = @@character_set_client */;
/*!50503 SET character_set_client = utf8mb4 */;
CREATE TABLE `tokens` (
  `id` int NOT NULL AUTO_INCREMENT,
  `user_id` varchar(36) NOT NULL,
  `token` varchar(255) NOT NULL,
  `created_at` datetime NOT NULL DEFAULT CURRENT_TIMESTAMP,
  PRIMARY KEY (`id`),
  UNIQUE KEY `token` (`token`),
  KEY `idx_tokens_token` (`token`),
  KEY `idx_tokens_user_id` (`user_id`)
) ENGINE=InnoDB AUTO_INCREMENT=46 DEFAULT CHARSET=utf8mb4 COLLATE=utf8mb4_0900_ai_ci;
/*!40101 SET character_set_client = @saved_cs_client */;

--
-- Dumping data for table `tokens`
--

LOCK TABLES `tokens` WRITE;
/*!40000 ALTER TABLE `tokens` DISABLE KEYS */;
INSERT INTO `tokens` VALUES (31,'d1d041f0-1869-4002-8049-7ba4f2993106','d96200c5c2fcabbf33f57d858e7fae51c0ddd8550081820e61367a78cff2fcab','2025-01-17 17:35:59'),(33,'db29c007-1998-45e8-9ddd-d7a35da021d6','3c6674304a835f2955b2c8b841d09e5696867bdc51ff8b05ccaf713494e0c217','2025-01-17 18:19:18'),(34,'013ba8fe-57ab-4b33-a651-176a481e90a4','95d304905b19a45489be23e914c60edd04f5849a2a498d98ab710eda6d41b133','2025-01-17 18:24:29'),(35,'529c7d21-894f-4c10-8b5c-6ff7f216b52a','fef0fbbace5d10d1b5739e80229490ad24a4d569f17c2160eb774ab3f20e4889','2025-01-17 18:26:37'),(36,'6f66b1e4-8fbd-4808-ac55-4f22f346d6bf','8d419dddcda9ccbeb425790873c8cbde2fc32ff70e2f11e28a89d9df028489fa','2025-01-17 18:29:04'),(37,'0534cceb-f14a-4495-8701-96c1e63c1f0a','d98952568460213876991a4e0dc2c583c079f3336e1ee46d0974574456f5c4b1','2025-01-17 18:30:21'),(38,'a713817f-60c7-490b-b118-dcb107d5c7cf','debf8a4c735564f6caa06cccb2a8f56f4500a0d5e20f29d5a2d7d70648085935','2025-01-17 18:32:14'),(39,'bea740f8-60f0-48b1-b5a3-c070142a4654','36a84945dc8e8e4b3fc621737a3cfe383eda1401db672466fde13ce162b5fe96','2025-01-17 18:35:28'),(40,'f90c8691-c4b1-4310-a8b6-714a88e59c9c','c0d232a24c3c7708893fcddb0835f8db60061a058c99b9cbbd139be79eda4482','2025-01-17 18:36:27'),(41,'f44a1a12-1255-4687-b1b2-9c5ac9c94d46','ca8b70713b396b47b6058972a03ed5b14d11b10696f0138c154b79705aee82fa','2025-01-17 18:38:25'),(44,'aa8b72aa-b179-4a25-a830-d8cce69db000','69bef98bae21befa72360c6ca1c3ad111cf645d9cebfaf2b3ce40607097a08ce','2025-01-17 22:19:10'),(45,'6fa6d768-9b69-4e53-83c4-4dff5db46bf9','b9e358135390c46d29aa8b54156ce45aa530018622216620fe6c0ab843916507','2025-01-17 23:16:11');
/*!40000 ALTER TABLE `tokens` ENABLE KEYS */;
UNLOCK TABLES;

--
-- Table structure for table `tokens_backup`
--

DROP TABLE IF EXISTS `tokens_backup`;
/*!40101 SET @saved_cs_client     = @@character_set_client */;
/*!50503 SET character_set_client = utf8mb4 */;
CREATE TABLE `tokens_backup` (
  `id` int NOT NULL DEFAULT '0',
  `user_id` varchar(36) NOT NULL,
  `token` varchar(255) NOT NULL,
  `created_at` datetime NOT NULL DEFAULT CURRENT_TIMESTAMP
) ENGINE=InnoDB DEFAULT CHARSET=utf8mb4 COLLATE=utf8mb4_0900_ai_ci;
/*!40101 SET character_set_client = @saved_cs_client */;

--
-- Dumping data for table `tokens_backup`
--

LOCK TABLES `tokens_backup` WRITE;
/*!40000 ALTER TABLE `tokens_backup` DISABLE KEYS */;
INSERT INTO `tokens_backup` VALUES (31,'d1d041f0-1869-4002-8049-7ba4f2993106','d96200c5c2fcabbf33f57d858e7fae51c0ddd8550081820e61367a78cff2fcab','2025-01-17 17:35:59'),(33,'db29c007-1998-45e8-9ddd-d7a35da021d6','3c6674304a835f2955b2c8b841d09e5696867bdc51ff8b05ccaf713494e0c217','2025-01-17 18:19:18'),(34,'013ba8fe-57ab-4b33-a651-176a481e90a4','95d304905b19a45489be23e914c60edd04f5849a2a498d98ab710eda6d41b133','2025-01-17 18:24:29'),(35,'529c7d21-894f-4c10-8b5c-6ff7f216b52a','fef0fbbace5d10d1b5739e80229490ad24a4d569f17c2160eb774ab3f20e4889','2025-01-17 18:26:37'),(36,'6f66b1e4-8fbd-4808-ac55-4f22f346d6bf','8d419dddcda9ccbeb425790873c8cbde2fc32ff70e2f11e28a89d9df028489fa','2025-01-17 18:29:04'),(37,'0534cceb-f14a-4495-8701-96c1e63c1f0a','d98952568460213876991a4e0dc2c583c079f3336e1ee46d0974574456f5c4b1','2025-01-17 18:30:21'),(38,'a713817f-60c7-490b-b118-dcb107d5c7cf','debf8a4c735564f6caa06cccb2a8f56f4500a0d5e20f29d5a2d7d70648085935','2025-01-17 18:32:14'),(39,'bea740f8-60f0-48b1-b5a3-c070142a4654','36a84945dc8e8e4b3fc621737a3cfe383eda1401db672466fde13ce162b5fe96','2025-01-17 18:35:28'),(40,'f90c8691-c4b1-4310-a8b6-714a88e59c9c','c0d232a24c3c7708893fcddb0835f8db60061a058c99b9cbbd139be79eda4482','2025-01-17 18:36:27'),(41,'f44a1a12-1255-4687-b1b2-9c5ac9c94d46','ca8b70713b396b47b6058972a03ed5b14d11b10696f0138c154b79705aee82fa','2025-01-17 18:38:25'),(42,'6fa6d768-9b69-4e53-83c4-4dff5db46bf9','fa9b3c80adf97cdde72285500791931404bcbf2b3461cd3e37719fe122022b0a','2025-01-17 21:09:13'),(44,'aa8b72aa-b179-4a25-a830-d8cce69db000','69bef98bae21befa72360c6ca1c3ad111cf645d9cebfaf2b3ce40607097a08ce','2025-01-17 22:19:10');
/*!40000 ALTER TABLE `tokens_backup` ENABLE KEYS */;
UNLOCK TABLES;

--
-- Table structure for table `user_media`
--

DROP TABLE IF EXISTS `user_media`;
/*!40101 SET @saved_cs_client     = @@character_set_client */;
/*!50503 SET character_set_client = utf8mb4 */;
CREATE TABLE `user_media` (
  `id` varchar(36) NOT NULL,
  `user_id` varchar(36) NOT NULL,
  `media_type` enum('photo','video') NOT NULL,
  `media_url` varchar(255) NOT NULL,
  `is_profile_picture` tinyint(1) DEFAULT '0',
  `position` int unsigned NOT NULL,
  `created_at` datetime NOT NULL DEFAULT CURRENT_TIMESTAMP,
  `updated_at` datetime NOT NULL DEFAULT CURRENT_TIMESTAMP ON UPDATE CURRENT_TIMESTAMP,
  PRIMARY KEY (`id`),
  UNIQUE KEY `unique_user_position` (`user_id`,`position`),
  KEY `idx_user_media_user` (`user_id`),
  KEY `idx_user_media_type` (`media_type`),
  CONSTRAINT `user_media_ibfk_1` FOREIGN KEY (`user_id`) REFERENCES `users` (`id`) ON DELETE CASCADE,
  CONSTRAINT `check_media_count` CHECK ((`position` <= 12))
) ENGINE=InnoDB DEFAULT CHARSET=utf8mb4 COLLATE=utf8mb4_0900_ai_ci;
/*!40101 SET character_set_client = @saved_cs_client */;

--
-- Dumping data for table `user_media`
--

LOCK TABLES `user_media` WRITE;
/*!40000 ALTER TABLE `user_media` DISABLE KEYS */;
INSERT INTO `user_media` VALUES ('24fb56ac-d520-11ef-9777-e06762b35db6','013ba8fe-57ab-4b33-a651-176a481e90a4','photo','/uploads/1737134669397-4d54b39c4d759e94.jpg',1,1,'2025-01-17 23:12:30','2025-01-17 23:12:30'),('24fb7bbe-d520-11ef-9777-e06762b35db6','0534cceb-f14a-4495-8701-96c1e63c1f0a','photo','/uploads/1737135021305-aadd9bcfb44ae84a.jpg',1,1,'2025-01-17 23:12:30','2025-01-17 23:12:30'),('24fb7cd6-d520-11ef-9777-e06762b35db6','529c7d21-894f-4c10-8b5c-6ff7f216b52a','photo','/uploads/1737134797204-9673bbff441998ea.jpg',1,1,'2025-01-17 23:12:30','2025-01-17 23:12:30'),('24fb7d80-d520-11ef-9777-e06762b35db6','6fa6d768-9b69-4e53-83c4-4dff5db46bf9','photo','/uploads/6fa6d768-9b69-4e53-83c4-4dff5db46bf9-1737133914346.webp',1,1,'2025-01-17 23:12:30','2025-01-17 23:12:30'),('24fb7e34-d520-11ef-9777-e06762b35db6','a713817f-60c7-490b-b118-dcb107d5c7cf','photo','/uploads/1737135134675-eea82c1ecdf3044e.jpg',1,1,'2025-01-17 23:12:30','2025-01-17 23:12:30'),('24fb7eca-d520-11ef-9777-e06762b35db6','aa8b72aa-b179-4a25-a830-d8cce69db000','photo','/uploads/1737065326422-36b06a568507561b.jpg',1,1,'2025-01-17 23:12:30','2025-01-17 23:12:30'),('24fb7f60-d520-11ef-9777-e06762b35db6','bea740f8-60f0-48b1-b5a3-c070142a4654','photo','/uploads/1737135328457-c7a9df759e862cb0.jpg',1,1,'2025-01-17 23:12:30','2025-01-17 23:12:30'),('24fb7fec-d520-11ef-9777-e06762b35db6','d1d041f0-1869-4002-8049-7ba4f2993106','photo','/uploads/1737065265221-80ca6b69c2ff1b12.jpg',1,1,'2025-01-17 23:12:30','2025-01-17 23:12:30'),('24fb8078-d520-11ef-9777-e06762b35db6','db29c007-1998-45e8-9ddd-d7a35da021d6','photo','/uploads/1737134358717-11f93ce36cdf2d4f.jpg',1,1,'2025-01-17 23:12:30','2025-01-17 23:12:30'),('24fb80fa-d520-11ef-9777-e06762b35db6','f44a1a12-1255-4687-b1b2-9c5ac9c94d46','photo','/uploads/1737135505884-5b840c6dba3b4495.jpg',1,1,'2025-01-17 23:12:30','2025-01-17 23:12:30'),('24fb817c-d520-11ef-9777-e06762b35db6','f90c8691-c4b1-4310-a8b6-714a88e59c9c','photo','/uploads/1737135387142-e9c5183984f8662e.jpg',1,1,'2025-01-17 23:12:30','2025-01-17 23:12:30');
/*!40000 ALTER TABLE `user_media` ENABLE KEYS */;
UNLOCK TABLES;

--
-- Table structure for table `users_backup`
--

DROP TABLE IF EXISTS `users_backup`;
/*!40101 SET @saved_cs_client     = @@character_set_client */;
/*!50503 SET character_set_client = utf8mb4 */;
CREATE TABLE `users_backup` (
  `id` varchar(36) NOT NULL,
  `username` varchar(255) NOT NULL,
  `pin_code` varchar(255) NOT NULL,
  `gender` enum('female','male','other') NOT NULL,
  `age` tinyint unsigned NOT NULL,
  `meeting_type` enum('Friendship','Dating','Both') NOT NULL,
  `description` text,
  `photo_url` varchar(255) DEFAULT NULL,
  `created_at` datetime NOT NULL DEFAULT CURRENT_TIMESTAMP,
  `updated_at` datetime NOT NULL DEFAULT CURRENT_TIMESTAMP ON UPDATE CURRENT_TIMESTAMP,
  `location` varchar(255) DEFAULT NULL
) ENGINE=InnoDB DEFAULT CHARSET=utf8mb4 COLLATE=utf8mb4_0900_ai_ci;
/*!40101 SET character_set_client = @saved_cs_client */;

--
-- Dumping data for table `users_backup`
--

LOCK TABLES `users_backup` WRITE;
/*!40000 ALTER TABLE `users_backup` DISABLE KEYS */;
INSERT INTO `users_backup` VALUES ('013ba8fe-57ab-4b33-a651-176a481e90a4','Robert','7777','female',55,'Dating','Nmfkflfm','/uploads/1737134669397-4d54b39c4d759e94.jpg','2025-01-17 18:24:29','2025-01-17 18:24:29',NULL),('0534cceb-f14a-4495-8701-96c1e63c1f0a','Djdkkf','7777','female',33,'Dating','Ndjkfm','/uploads/1737135021305-aadd9bcfb44ae84a.jpg','2025-01-17 18:30:21','2025-01-17 18:30:21',NULL),('529c7d21-894f-4c10-8b5c-6ff7f216b52a','Syllll','7777','female',33,'Dating','Jfnmfkd','/uploads/1737134797204-9673bbff441998ea.jpg','2025-01-17 18:26:37','2025-01-17 18:26:37',NULL),('6f66b1e4-8fbd-4808-ac55-4f22f346d6bf','Djnf','7777','other',77,'Both','Jdnnfnd',NULL,'2025-01-17 18:29:04','2025-01-17 18:29:04',NULL),('6fa6d768-9b69-4e53-83c4-4dff5db46bf9','777','7777','female',56,'Dating','jijijijjkjkjkjjjjj\n','/uploads/6fa6d768-9b69-4e53-83c4-4dff5db46bf9-1737133914346.webp','2025-01-17 16:19:25','2025-01-17 18:11:54',NULL),('a713817f-60c7-490b-b118-dcb107d5c7cf','Hihi','8778','female',76,'Dating','Nnj','/uploads/1737135134675-eea82c1ecdf3044e.jpg','2025-01-17 18:32:14','2025-01-17 18:32:14',NULL),('aa8b72aa-b179-4a25-a830-d8cce69db000','1111','1111','female',78,'Both','Aaa','/uploads/1737065326422-36b06a568507561b.jpg','2025-01-16 23:08:46','2025-01-16 23:08:46',NULL),('bea740f8-60f0-48b1-b5a3-c070142a4654','Dujdjd','6666','female',83,'Dating','Jjjj','/uploads/1737135328457-c7a9df759e862cb0.jpg','2025-01-17 18:35:28','2025-01-17 18:35:28',NULL),('d1d041f0-1869-4002-8049-7ba4f2993106','plop','9999','female',45,'Friendship','dsdsds','/uploads/1737065265221-80ca6b69c2ff1b12.jpg','2025-01-16 23:07:45','2025-01-17 17:50:28',NULL),('db29c007-1998-45e8-9ddd-d7a35da021d6','Bruno','7777','male',45,'Dating','Pourquoi pas ici et ce soir ?','/uploads/1737134358717-11f93ce36cdf2d4f.jpg','2025-01-17 18:19:18','2025-01-17 18:19:18',NULL),('f44a1a12-1255-4687-b1b2-9c5ac9c94d46','Hdkkend','7777','female',97,'Dating','Nnj','/uploads/1737135505884-5b840c6dba3b4495.jpg','2025-01-17 18:38:25','2025-01-17 18:38:25',NULL),('f90c8691-c4b1-4310-a8b6-714a88e59c9c','Uuiio','7777','female',53,'Dating','Hdhjd','/uploads/1737135387142-e9c5183984f8662e.jpg','2025-01-17 18:36:27','2025-01-17 18:36:27',NULL);
/*!40000 ALTER TABLE `users_backup` ENABLE KEYS */;
UNLOCK TABLES;
/*!40103 SET TIME_ZONE=@OLD_TIME_ZONE */;

/*!40101 SET SQL_MODE=@OLD_SQL_MODE */;
/*!40014 SET FOREIGN_KEY_CHECKS=@OLD_FOREIGN_KEY_CHECKS */;
/*!40014 SET UNIQUE_CHECKS=@OLD_UNIQUE_CHECKS */;
/*!40101 SET CHARACTER_SET_CLIENT=@OLD_CHARACTER_SET_CLIENT */;
/*!40101 SET CHARACTER_SET_RESULTS=@OLD_CHARACTER_SET_RESULTS */;
/*!40101 SET COLLATION_CONNECTION=@OLD_COLLATION_CONNECTION */;
/*!40111 SET SQL_NOTES=@OLD_SQL_NOTES */;

-- Dump completed on 2025-01-19 17:16:33
